{"cameraMode":{"drawMode":0,"name":"Shaded","section":"Shading Mode"},"sceneLighting":false,"audioPlay":false,"sceneViewState":{"m_AlwaysRefresh":false,"showFog":true,"showSkybox":false,"showFlares":true,"showImageEffects":true,"showParticleSystems":true,"showVisualEffectGraphs":true,"m_FxEnabled":true},"in2DMode":false,"pivot":{"x":-19.477331161499025,"y":-0.03956836089491844,"z":-9.24413013458252},"rotation":{"x":-0.0004299348220229149,"y":0.8451482057571411,"z":-0.0007894110749475658,"w":-0.5346357226371765},"size":10.898137092590332,"orthographic":false}